runId,label,caseId,fixture,repetition,operation,emitted,complete,p50,p95,p99,wilsonLower,fallbackRatio,providerAttempts,serverResponses,reconciled,loadComplete,latencyPass,completenessPass,maxMs,incomplete,extraIncomplete,originalStatus,derivedStatus
E01-trace-formal-83ddaca1-619b-4f47-a1b8-ee4d1ba756b4,E01 r1,E01,valid,1,quote,21000,21000,141,155,172,0.9998171001251503,0.000619047619047619,21000,21000,True,True,True,True,468,0,0,INCONCLUSO,INCONCLUSO
E01-trace-formal-83ddaca1-619b-4f47-a1b8-ee4d1ba756b4,E01 r1,E01,valid,1,profile,9000,9000,141,155,171,0.9995733376739991,0.0006666666666666666,9000,9000,True,True,True,True,386,0,0,INCONCLUSO,INCONCLUSO
E01-s7-initial-e10e1416-e8fb-437a-84a1-bca9da4f99b5,E01 r2,E01,valid,2,quote,21000,20999,139,153,163,0.9997302852133687,9.523809523809524e-05,20999,21000,True,True,True,True,749,1,0,AJUSTAR,AJUSTAR
E01-s7-initial-e10e1416-e8fb-437a-84a1-bca9da4f99b5,E01 r2,E01,valid,2,profile,9000,9000,140,153,164,0.9995733376739991,0.00022222222222222223,9000,9000,True,True,True,True,389,0,0,AJUSTAR,AJUSTAR
E01-s7-initial-4934b38a-7858-4263-a30e-ee41f2a8020e,E01 r3,E01,valid,3,quote,21000,21000,138,153,172,0.9998171001251503,9.523809523809524e-05,21000,21000,True,True,True,True,404,0,0,INCONCLUSO,INCONCLUSO
E01-s7-initial-4934b38a-7858-4263-a30e-ee41f2a8020e,E01 r3,E01,valid,3,profile,9000,9000,139,154,166,0.9995733376739991,0,9000,9000,True,True,True,True,359,0,0,INCONCLUSO,INCONCLUSO
E07-s7-initial-f9876597-457e-40da-9f2e-7055eca4c9b7,E07 ausente r1,E07,absent,1,quote,21001,21000,141,165,191,0.999730298053894,0.9999523832198467,482,21001,True,True,True,True,748,1,0,CRITERIOS_BASICOS_CUMPLIDOS,CRITERIOS_BASICOS_CUMPLIDOS
E07-s7-initial-f9876597-457e-40da-9f2e-7055eca4c9b7,E07 ausente r1,E07,absent,1,profile,9001,9001,141,165,191,0.9995733850554349,1,304,9001,True,True,True,True,469,0,0,CRITERIOS_BASICOS_CUMPLIDOS,CRITERIOS_BASICOS_CUMPLIDOS
E03-s7-initial-e3107ea3-23d3-45c5-ad8e-9dfdcbffd908,E03 r1,E03,valid,1,quote,21000,20999,140,165,264,0.9997302852133687,0.9999523809523809,458,21000,True,True,True,True,755,1,0,CRITERIOS_BASICOS_CUMPLIDOS,CRITERIOS_BASICOS_CUMPLIDOS
E03-s7-initial-e3107ea3-23d3-45c5-ad8e-9dfdcbffd908,E03 r1,E03,valid,1,profile,9000,8999,141,165,267,0.9993708238698057,0.9998888888888889,275,9000,True,True,True,True,752,1,0,CRITERIOS_BASICOS_CUMPLIDOS,CRITERIOS_BASICOS_CUMPLIDOS
E04-s7-initial-7011d0cd-2b3f-4dff-bede-dd61ddb547e8,E04 r2,E04,valid,2,quote,21001,21000,141,184,216,0.999730298053894,0.872196562068473,3933,21001,True,True,True,True,752,1,0,INCONCLUSO,INCONCLUSO
E04-s7-initial-7011d0cd-2b3f-4dff-bede-dd61ddb547e8,E04 r2,E04,valid,2,profile,9001,9001,143,183,219,0.9995733850554349,0.8961226530385513,1398,9001,True,True,True,True,537,0,0,INCONCLUSO,INCONCLUSO
E02-s7-initial-3e90f19d-82b1-4bd2-9510-97168c271f60,E02 r2,E02,valid,2,quote,21000,21000,199,219,241,0.9998171001251503,0.0004761904761904762,21000,21000,True,True,True,True,621,0,0,INCONCLUSO,INCONCLUSO
E02-s7-initial-3e90f19d-82b1-4bd2-9510-97168c271f60,E02 r2,E02,valid,2,profile,9000,9000,199,214,232,0.9995733376739991,0.00022222222222222223,9000,9000,True,True,True,True,537,0,0,INCONCLUSO,INCONCLUSO
E03-s7-initial-a17bc42f-5905-4b43-bce2-cba0b2f89a12,E03 r2,E03,valid,2,quote,21000,20999,144,171,267,0.9997302852133687,0.9999523809523809,507,21000,True,True,True,True,755,1,0,CRITERIOS_BASICOS_CUMPLIDOS,CRITERIOS_BASICOS_CUMPLIDOS
E03-s7-initial-a17bc42f-5905-4b43-bce2-cba0b2f89a12,E03 r2,E03,valid,2,profile,9000,9000,144,178,272,0.9995733376739991,1,307,9000,True,True,True,True,512,0,0,CRITERIOS_BASICOS_CUMPLIDOS,CRITERIOS_BASICOS_CUMPLIDOS
E07-s7-initial-3cadfecb-4eab-435f-b54b-7e186f16671d,E07 vencido r1,E07,expired,1,quote,21000,21000,142,165,192,0.9998171001251503,1,476,21000,True,True,True,True,555,0,0,CRITERIOS_BASICOS_CUMPLIDOS,CRITERIOS_BASICOS_CUMPLIDOS
E07-s7-initial-3cadfecb-4eab-435f-b54b-7e186f16671d,E07 vencido r1,E07,expired,1,profile,9000,9000,143,174,197,0.9995733376739991,1,276,9000,True,True,True,True,306,0,0,CRITERIOS_BASICOS_CUMPLIDOS,CRITERIOS_BASICOS_CUMPLIDOS
E07-s7-initial-9729c51a-b891-414f-97ae-786f7c866da4,E07 vencido r3,E07,expired,3,quote,21000,20999,142,163.04999999999927,188,0.9997302852133687,0.9999523809523809,449,21000,True,True,True,True,753,1,0,CRITERIOS_BASICOS_CUMPLIDOS,CRITERIOS_BASICOS_CUMPLIDOS
E07-s7-initial-9729c51a-b891-414f-97ae-786f7c866da4,E07 vencido r3,E07,expired,3,profile,8999,8999,144,169,191,0.999573290282037,1,254,8999,True,True,True,True,305,0,0,CRITERIOS_BASICOS_CUMPLIDOS,CRITERIOS_BASICOS_CUMPLIDOS
E04-s7-initial-87c004a6-7d82-48ff-84ba-0588a03c2629,E04 r1,E04,valid,1,quote,21000,20996,142,181,199,0.9995102911075314,0.8641904761904762,4125,21000,True,True,True,True,756,4,0,AJUSTAR,CRITERIOS_BASICOS_CUMPLIDOS
E04-s7-initial-87c004a6-7d82-48ff-84ba-0588a03c2629,E04 r1,E04,valid,1,profile,9000,8999,144,178,198,0.9993708238698057,0.8897777777777778,1448,9000,True,True,True,True,755,1,0,AJUSTAR,CRITERIOS_BASICOS_CUMPLIDOS
E08-s7-initial-984e8fcb-a22f-4f5b-939c-b2f85ad09001,E08 revocado r2,E08,revoked,2,quote,21000,20998,97,110,120,0.999652776335442,0,0,21000,True,True,True,True,751,2,0,CRITERIOS_BASICOS_CUMPLIDOS,CRITERIOS_BASICOS_CUMPLIDOS
E08-s7-initial-984e8fcb-a22f-4f5b-939c-b2f85ad09001,E08 revocado r2,E08,revoked,2,profile,9000,9000,98,111,122,0.9995733376739991,0,0,9000,True,True,True,True,701,0,0,CRITERIOS_BASICOS_CUMPLIDOS,CRITERIOS_BASICOS_CUMPLIDOS
E02-s7-initial-93efbd85-ba07-4f15-ad77-f35f48fe115d,E02 r1,E02,valid,1,quote,20999,20998,198,212,223,0.9997302723716206,0.0006190770989094719,20998,20999,True,True,True,True,784,1,0,INCONCLUSO,INCONCLUSO
E02-s7-initial-93efbd85-ba07-4f15-ad77-f35f48fe115d,E02 r1,E02,valid,1,profile,9000,8999,198,212,222,0.9993708238698057,0.0006666666666666666,8999,9000,True,True,True,True,750,1,0,INCONCLUSO,INCONCLUSO
E08-s7-initial-25ccb11e-021d-4a31-b025-aa9947582770,E08 revocado r3,E08,revoked,3,quote,21001,21001,97,111,125,0.9998171088326606,0,0,21001,True,True,True,True,381,0,0,CRITERIOS_BASICOS_CUMPLIDOS,CRITERIOS_BASICOS_CUMPLIDOS
E08-s7-initial-25ccb11e-021d-4a31-b025-aa9947582770,E08 revocado r3,E08,revoked,3,profile,9001,9000,97,108,117,0.9993708937397175,0,0,9001,True,True,True,True,755,1,0,CRITERIOS_BASICOS_CUMPLIDOS,CRITERIOS_BASICOS_CUMPLIDOS
E07-s7-initial-0323826e-20d0-4a86-811e-065902815d3e,E07 vencido r2,E07,expired,2,quote,21001,21000,142,179,359,0.999730298053894,0.9999523832198467,492,21001,True,True,True,True,852,1,0,CRITERIOS_BASICOS_CUMPLIDOS,CRITERIOS_BASICOS_CUMPLIDOS
E07-s7-initial-0323826e-20d0-4a86-811e-065902815d3e,E07 vencido r2,E07,expired,2,profile,9000,9000,143,181,358.0100000000002,0.9995733376739991,1,296,9000,True,True,True,True,585,0,0,CRITERIOS_BASICOS_CUMPLIDOS,CRITERIOS_BASICOS_CUMPLIDOS
E07-s7-initial-d6ee825c-243a-43e9-825a-129dd1470d21,E07 ausente r2,E07,absent,2,quote,21000,21000,141,162,189,0.9998171001251503,1,494,21000,True,True,True,True,409,0,0,CRITERIOS_BASICOS_CUMPLIDOS,CRITERIOS_BASICOS_CUMPLIDOS
E07-s7-initial-d6ee825c-243a-43e9-825a-129dd1470d21,E07 ausente r2,E07,absent,2,profile,8999,8997,140,166,191,0.9991899350800195,0.999777753083676,273,8999,True,True,True,True,773,2,0,CRITERIOS_BASICOS_CUMPLIDOS,CRITERIOS_BASICOS_CUMPLIDOS
E03-s7-initial-be88a536-2e69-4ef7-aaf7-098d325644f9,E03 r3,E03,valid,3,quote,21000,21000,142,166,266,0.9998171001251503,1,486,21000,True,True,True,True,591,0,0,CRITERIOS_BASICOS_CUMPLIDOS,CRITERIOS_BASICOS_CUMPLIDOS
E03-s7-initial-be88a536-2e69-4ef7-aaf7-098d325644f9,E03 r3,E03,valid,3,profile,8999,8999,142,169.10000000000036,268.02000000000044,0.999573290282037,1,310,8999,True,True,True,True,485,0,0,CRITERIOS_BASICOS_CUMPLIDOS,CRITERIOS_BASICOS_CUMPLIDOS
E06-s7-initial-0d4dc61c-1752-41da-b36f-737af44c615d,E06 r1,E06,valid,1,quote,21000,21000,139,154,167,0.9998171001251503,0.21771428571428572,16428,21000,True,True,True,True,353,0,0,INCONCLUSO,INCONCLUSO
E06-s7-initial-0d4dc61c-1752-41da-b36f-737af44c615d,E06 r1,E06,valid,1,profile,9000,9000,139,154,166,0.9995733376739991,0.21255555555555555,7089,9000,True,True,True,True,349,0,0,INCONCLUSO,INCONCLUSO
E04-s7-initial-38fc9da2-7803-4965-bf73-c771adef8732,E04 r3,E04,valid,3,quote,21000,20999,145,184,204,0.9997302852133687,0.8587619047619047,4274,21000,True,True,True,True,821,1,0,INCONCLUSO,INCONCLUSO
E04-s7-initial-38fc9da2-7803-4965-bf73-c771adef8732,E04 r3,E04,valid,3,profile,9000,9000,144,179,202,0.9995733376739991,0.9037777777777778,1244,9000,True,True,True,True,382,0,0,INCONCLUSO,INCONCLUSO
E02-s7-initial-2cd679cc-bd46-4060-abcf-cc023178a89c,E02 r3,E02,valid,3,quote,21000,21000,200,214,238.0099999999984,0.9998171001251503,0.0005714285714285715,21000,21000,True,True,True,True,422,0,0,INCONCLUSO,INCONCLUSO
E02-s7-initial-2cd679cc-bd46-4060-abcf-cc023178a89c,E02 r3,E02,valid,3,profile,9000,9000,200,214,228,0.9995733376739991,0.0005555555555555556,9000,9000,True,True,True,True,476,0,0,INCONCLUSO,INCONCLUSO
E06-s7-initial-4dcf11b4-30f9-431e-8de0-7f5929313940,E06 r3,E06,valid,3,quote,21000,21000,140,155,169,0.9998171001251503,0.22233333333333333,16332,21000,True,True,True,True,386,0,0,AJUSTAR,CRITERIOS_BASICOS_CUMPLIDOS
E06-s7-initial-4dcf11b4-30f9-431e-8de0-7f5929313940,E06 r3,E06,valid,3,profile,9000,9000,140,156,171,0.9995733376739991,0.22644444444444445,6963,9000,True,True,True,True,437,0,0,AJUSTAR,CRITERIOS_BASICOS_CUMPLIDOS
E08-s7-initial-4fb8bfec-855d-44fe-965d-32802c675f24,E08 revocado r1,E08,revoked,1,quote,21000,20999,98,109,119,0.9997302852133687,0,0,21000,True,True,True,True,749,1,0,CRITERIOS_BASICOS_CUMPLIDOS,CRITERIOS_BASICOS_CUMPLIDOS
E08-s7-initial-4fb8bfec-855d-44fe-965d-32802c675f24,E08 revocado r1,E08,revoked,1,profile,9000,9000,97,109,119,0.9995733376739991,0,0,9000,True,True,True,True,295,0,0,CRITERIOS_BASICOS_CUMPLIDOS,CRITERIOS_BASICOS_CUMPLIDOS
E06-s7-initial-7018cf53-40c6-46a0-a182-d70c26e9f552,E06 r2,E06,valid,2,quote,20999,20989,141,158,172,0.9991235346376122,0.2145816467450831,16485,20999,True,True,True,True,757,10,0,INCONCLUSO,INCONCLUSO
E06-s7-initial-7018cf53-40c6-46a0-a182-d70c26e9f552,E06 r2,E06,valid,2,profile,8999,8995,141,157,171,0.9988575472811012,0.2234692743638182,6987,8999,True,True,True,False,753,4,0,INCONCLUSO,INCONCLUSO
E05-s7-initial-365e75c7-46ba-4204-bbae-4ae59d9ef5fa,E05 r1,E05,valid,1,quote,21000,20994,141,177,197,0.9993767260700798,0.9997142857142857,977,21000,True,True,True,True,762,6,0,CRITERIOS_BASICOS_CUMPLIDOS,CRITERIOS_BASICOS_CUMPLIDOS
E05-s7-initial-365e75c7-46ba-4204-bbae-4ae59d9ef5fa,E05 r1,E05,valid,1,profile,9000,8997,141,180,194,0.9990203231406085,0.9996666666666667,556,9000,True,True,True,True,755,3,0,CRITERIOS_BASICOS_CUMPLIDOS,CRITERIOS_BASICOS_CUMPLIDOS
E09-s7-initial-3ac5e9c9-a9ae-4929-b535-fb8d4534a036,E09 r1,E09,valid,1,quote,20927,20640,183,317,2000,0.9846182618340051,0.9862378745161753,20640,20912,False,True,False,False,2002,287,0,INCONCLUSO,INCONCLUSO
E09-s7-initial-3ac5e9c9-a9ae-4929-b535-fb8d4534a036,E09 r1,E09,valid,1,profile,8976,8869,182,324,2000,0.9856160801517286,0.9880793226381461,8869,8972,False,True,False,False,2002,107,0,INCONCLUSO,INCONCLUSO
E07-s7-initial-9f441662-e360-44ee-9faf-14a80afac612,E07 ausente r3,E07,absent,3,quote,21000,21000,136,156,183,0.9998171001251503,1,474,21000,True,True,True,True,419,0,0,INCONCLUSO,INCONCLUSO
E07-s7-initial-9f441662-e360-44ee-9faf-14a80afac612,E07 ausente r3,E07,absent,3,profile,9000,9000,137,165,190,0.9995733376739991,1,288,9000,True,True,True,True,448,0,0,INCONCLUSO,INCONCLUSO
E05-s7-initial-c12008c7-a879-49da-a571-53d3ab6db05c,E05 r2,E05,valid,2,quote,21000,21000,179,238,556,0.9998171001251503,1,932,21000,True,True,False,True,1348,0,0,AJUSTAR,AJUSTAR
E05-s7-initial-c12008c7-a879-49da-a571-53d3ab6db05c,E05 r2,E05,valid,2,profile,9000,9000,178,232,531.0200000000004,0.9995733376739991,1,498,9000,True,True,True,True,892,0,0,AJUSTAR,AJUSTAR
E09-s7-initial-3d00ce45-ef7c-4201-89ec-7722508474a9,E09 r2,E09,valid,2,quote,20946,20860,258,369,926.0999999999985,0.9949326033748657,0.9962283968299437,20867,20935,False,True,False,False,2004,86,7,INCONCLUSO,INCONCLUSO
E09-s7-initial-3d00ce45-ef7c-4201-89ec-7722508474a9,E09 r2,E09,valid,2,profile,8985,8956,258,371.7999999999993,915.6399999999958,0.9953684462489163,0.9969949916527546,8958,8985,True,True,False,False,2001,29,2,INCONCLUSO,INCONCLUSO
E05-s7-initial-239f7732-5212-4d43-971d-fd2ba47a7709,E05 r3,E05,valid,3,quote,21000,21000,178,218,248.0099999999984,0.9998171001251503,1,1244,21000,True,True,True,True,730,0,0,INCONCLUSO,INCONCLUSO
E05-s7-initial-239f7732-5212-4d43-971d-fd2ba47a7709,E05 r3,E05,valid,3,profile,9000,8999,177,221,278,0.9993708238698057,0.9998888888888889,631,9000,True,True,True,True,780,1,0,INCONCLUSO,INCONCLUSO
E09-s7-initial-d3741a37-33c6-4315-b958-62057e5c5dc9,E09 r3,E09,valid,3,quote,21000,20822,202,235,716.049999999992,0.9901908348488718,0.9914761904761905,20872,21000,True,True,False,False,790,178,0,INCONCLUSO,INCONCLUSO
E09-s7-initial-d3741a37-33c6-4315-b958-62057e5c5dc9,E09 r3,E09,valid,3,profile,9000,8931,202,237,673.0700000000015,0.9903094031291463,0.9923333333333333,8947,9000,True,True,True,False,793,69,0,INCONCLUSO,INCONCLUSO
