runId,label,instanceId,operation,requestSpanMs,probeSpanMs,firstProbeAt,thirdProbeAt
E04-s7-initial-7011d0cd-2b3f-4dff-bede-dd61ddb547e8,E04 r2,fe6a5f2f-7a07-4615-889d-8358dbc7ed65,profile,29971,30085,1789408706766,1789408736851
E04-s7-initial-7011d0cd-2b3f-4dff-bede-dd61ddb547e8,E04 r2,1030e093-2dae-4c8f-84f6-d1ea4a1b4d20,quote,29998,30002,1789408728110,1789408758112
E04-s7-initial-7011d0cd-2b3f-4dff-bede-dd61ddb547e8,E04 r2,642b7b46-bcc1-4a5a-b74a-ccf40ef6aa8b,profile,29998,30004,1789408498501,1789408528505
E04-s7-initial-7011d0cd-2b3f-4dff-bede-dd61ddb547e8,E04 r2,642b7b46-bcc1-4a5a-b74a-ccf40ef6aa8b,profile,29999,30000,1789408499503,1789408529503
E04-s7-initial-7011d0cd-2b3f-4dff-bede-dd61ddb547e8,E04 r2,3fb97c58-918d-4028-b647-3f2a416f6ae0,profile,29998,30000,1789408657959,1789408687959
E04-s7-initial-7011d0cd-2b3f-4dff-bede-dd61ddb547e8,E04 r2,76e5be41-2579-4f95-9ef5-c79e35eaf677,profile,29997,30000,1789408634264,1789408664264
E04-s7-initial-7011d0cd-2b3f-4dff-bede-dd61ddb547e8,E04 r2,c0c93be3-8da8-4e9f-9a86-7cfb450d4d76,profile,29999,30000,1789408532165,1789408562165
E04-s7-initial-87c004a6-7d82-48ff-84ba-0588a03c2629,E04 r1,0781c725-1d46-4236-ab79-10a747116c61,profile,29999,30001,1789411287922,1789411317923
E04-s7-initial-87c004a6-7d82-48ff-84ba-0588a03c2629,E04 r1,e7083e18-53e0-4133-8c7e-0bac30b7f528,quote,29997,30000,1789411338587,1789411368587
E04-s7-initial-87c004a6-7d82-48ff-84ba-0588a03c2629,E04 r1,b976944c-d341-4f85-a98f-9b8ac7d94241,profile,29998,30002,1789411195559,1789411225561
E04-s7-initial-87c004a6-7d82-48ff-84ba-0588a03c2629,E04 r1,d750bdac-0032-45f6-9795-54f3910749c3,profile,29999,30002,1789411194462,1789411224464
E04-s7-initial-87c004a6-7d82-48ff-84ba-0588a03c2629,E04 r1,b4a1a430-ce92-498d-8e98-e72625668d42,profile,29998,30004,1789411171769,1789411201773
E04-s7-initial-87c004a6-7d82-48ff-84ba-0588a03c2629,E04 r1,b4a1a430-ce92-498d-8e98-e72625668d42,profile,29998,30003,1789411336567,1789411366570
E04-s7-initial-87c004a6-7d82-48ff-84ba-0588a03c2629,E04 r1,e8013880-4196-423c-99c5-a8c894dacfd0,profile,29998,30001,1789411287855,1789411317856
E04-s7-initial-87c004a6-7d82-48ff-84ba-0588a03c2629,E04 r1,e8013880-4196-423c-99c5-a8c894dacfd0,profile,29998,30002,1789411317856,1789411347858
E04-s7-initial-87c004a6-7d82-48ff-84ba-0588a03c2629,E04 r1,d2a2152c-d22b-4024-a34a-cbd6c284f6ef,profile,29999,30000,1789411164691,1789411194691
E04-s7-initial-87c004a6-7d82-48ff-84ba-0588a03c2629,E04 r1,0978fcd4-6011-4ab6-a1ae-c17e5de79a38,profile,29998,30000,1789411163359,1789411193359
E06-s7-initial-0d4dc61c-1752-41da-b36f-737af44c615d,E06 r1,519f79e1-41c3-48ee-b2b7-d4fce96ecd1c,quote,29998,30003,1789414393843,1789414423846
E06-s7-initial-0d4dc61c-1752-41da-b36f-737af44c615d,E06 r1,a7ab3076-102a-4d81-a97e-bf12aefa4bdf,quote,29999,30003,1789414424600,1789414454603
E06-s7-initial-0d4dc61c-1752-41da-b36f-737af44c615d,E06 r1,e37988a8-e48c-4739-9420-69f3a4d6bde0,quote,29999,30002,1789414393817,1789414423819
E06-s7-initial-0d4dc61c-1752-41da-b36f-737af44c615d,E06 r1,2445a5ac-5583-485d-a7d8-acbcea25dd49,profile,29999,30001,1789414418492,1789414448493
E06-s7-initial-0d4dc61c-1752-41da-b36f-737af44c615d,E06 r1,7c612060-7a91-466b-9821-692b1f99e1d1,profile,29999,30003,1789414426856,1789414456859
E06-s7-initial-0d4dc61c-1752-41da-b36f-737af44c615d,E06 r1,080d3394-87a0-4ea3-9191-dce21be18506,profile,29997,30001,1789414397992,1789414427993
E06-s7-initial-0d4dc61c-1752-41da-b36f-737af44c615d,E06 r1,68f9a0a1-7470-4299-8c72-e20b3c0dfdce,profile,29998,30000,1789414397230,1789414427230
E06-s7-initial-0d4dc61c-1752-41da-b36f-737af44c615d,E06 r1,68f9a0a1-7470-4299-8c72-e20b3c0dfdce,profile,29998,30000,1789414398225,1789414428225
E06-s7-initial-0d4dc61c-1752-41da-b36f-737af44c615d,E06 r1,c19060fd-01c5-41c4-af65-f318ee713fb7,profile,29999,30000,1789414428259,1789414458259
E06-s7-initial-0d4dc61c-1752-41da-b36f-737af44c615d,E06 r1,81b065a3-ff23-47c2-80f0-68bf2aeb8e5a,profile,29998,30007,1789414428357,1789414458364
E06-s7-initial-0d4dc61c-1752-41da-b36f-737af44c615d,E06 r1,3c93c132-dbb0-443e-8416-23e07dbe17d4,profile,29998,30001,1789414397560,1789414427561
E06-s7-initial-0d4dc61c-1752-41da-b36f-737af44c615d,E06 r1,37d2ab14-1dcf-495a-b139-69708a984152,profile,29999,30002,1789414397693,1789414427695
E06-s7-initial-0d4dc61c-1752-41da-b36f-737af44c615d,E06 r1,b5d2b11f-603a-44ae-9c60-74920ef3d52c,quote,29999,30000,1789414423417,1789414453417
E06-s7-initial-0d4dc61c-1752-41da-b36f-737af44c615d,E06 r1,e691eaea-16b3-4675-a059-a861f2ef7450,profile,29999,30002,1789414435298,1789414465300
E06-s7-initial-0d4dc61c-1752-41da-b36f-737af44c615d,E06 r1,cc1d8c19-f00e-43b6-8353-1fb71146a796,profile,29997,30000,1789414403797,1789414433797
E04-s7-initial-38fc9da2-7803-4965-bf73-c771adef8732,E04 r3,13b2fab3-d193-4503-92da-42bca5c146ba,profile,29998,30004,1789417681143,1789417711147
E04-s7-initial-38fc9da2-7803-4965-bf73-c771adef8732,E04 r3,73f0ab35-5d37-4337-a277-55f4918d061f,profile,29999,30003,1789417557879,1789417587882
E04-s7-initial-38fc9da2-7803-4965-bf73-c771adef8732,E04 r3,e27f0618-6694-4bb7-8265-e04145a8e9a3,profile,29999,30004,1789417654968,1789417684972
E04-s7-initial-38fc9da2-7803-4965-bf73-c771adef8732,E04 r3,e27f0618-6694-4bb7-8265-e04145a8e9a3,profile,29999,30002,1789417851857,1789417881859
E04-s7-initial-38fc9da2-7803-4965-bf73-c771adef8732,E04 r3,8d5d50ad-593f-4ec2-a404-1e49b5d09ae7,profile,29997,30012,1789417780864,1789417810876
E04-s7-initial-38fc9da2-7803-4965-bf73-c771adef8732,E04 r3,8d5d50ad-593f-4ec2-a404-1e49b5d09ae7,profile,29999,30001,1789417872761,1789417902762
E04-s7-initial-38fc9da2-7803-4965-bf73-c771adef8732,E04 r3,c2d0032b-e60b-49e3-bd27-f8a83870378d,profile,29998,30000,1789417646806,1789417676806
E04-s7-initial-38fc9da2-7803-4965-bf73-c771adef8732,E04 r3,3d9c66e1-5042-429c-8cfb-f19c973ffaf4,profile,29998,30000,1789417857235,1789417887235
E06-s7-initial-4dcf11b4-30f9-431e-8de0-7f5929313940,E06 r3,28639e02-bbeb-4deb-9ae9-2cfdebd5d751,quote,29999,30000,1789418662375,1789418692375
E06-s7-initial-4dcf11b4-30f9-431e-8de0-7f5929313940,E06 r3,fbf1a328-155f-4487-b483-e679bdb67f7f,profile,29999,30003,1789418695813,1789418725816
E06-s7-initial-4dcf11b4-30f9-431e-8de0-7f5929313940,E06 r3,4493a0b9-31ba-4fc2-abc6-7b459ea69482,profile,29999,30010,1789418696040,1789418726050
E06-s7-initial-4dcf11b4-30f9-431e-8de0-7f5929313940,E06 r3,6b9c8af4-ccc0-4ca4-a5cc-2972477afd49,profile,29998,30004,1789418697078,1789418727082
E06-s7-initial-4dcf11b4-30f9-431e-8de0-7f5929313940,E06 r3,4a35e502-5545-41f9-82a5-5372eeaeb92f,profile,29997,30001,1789418697213,1789418727214
E06-s7-initial-4dcf11b4-30f9-431e-8de0-7f5929313940,E06 r3,47eb3cf8-32b5-43a1-8ef3-2f1ea6c4ef08,profile,29997,30008,1789418666314,1789418696322
E06-s7-initial-4dcf11b4-30f9-431e-8de0-7f5929313940,E06 r3,3aad9bef-25d4-45de-9cfb-c076f01dd5cc,profile,29998,30002,1789418690479,1789418720481
E06-s7-initial-4dcf11b4-30f9-431e-8de0-7f5929313940,E06 r3,78eb790f-e0d1-42f0-bdb7-f7f10641acc6,quote,29998,30002,1789418693191,1789418723193
E06-s7-initial-4dcf11b4-30f9-431e-8de0-7f5929313940,E06 r3,a6f5818a-5bf2-4553-a5a7-7c7a337c282b,profile,29999,30007,1789418668183,1789418698190
E06-s7-initial-4dcf11b4-30f9-431e-8de0-7f5929313940,E06 r3,00e5cb9b-9290-4302-b698-739cf93a7a8e,profile,29999,30003,1789418705943,1789418735946
E06-s7-initial-4dcf11b4-30f9-431e-8de0-7f5929313940,E06 r3,f3f7af9f-0c64-4950-9161-6de16a895bad,profile,29998,30015,1789418684413,1789418714428
E06-s7-initial-4dcf11b4-30f9-431e-8de0-7f5929313940,E06 r3,2f90b77f-2643-4761-8c3f-54270e199c77,profile,29995,30000,1789418672288,1789418702288
